ガンコ,トーセンバジル,1
チェスナットコート,トーセンバジル,2
サクラアンプルール,トーセンバジル,1
ロードヴァンドール,トーセンバジル,1
トーセンバジル,ゼーヴィント,1
トーセンバジル,ソールインパクト,2
トーセンバジル,ノーブルマーズ,1
トーセンバジル,キセキ,1
トーセンバジル,アルター,1
トーセンバジル,ピンポン,2
トーセンバジル,ショウナンバッハ,1
トーセンバジル,ナスノセイカン,1
トーセンバジル,アクションスター,1
トーセンバジル,サイモントルナーレ,1
レインボーライン,トーセンバジル,1
シュヴァルグラン,トーセンバジル,1
クリンチャー,トーセンバジル,1
ミッキーロケット,トーセンバジル,1
トーセンバジル,スマートレイアー,1
トーセンバジル,アルバート,1
トーセンバジル,シホウ,1
トーセンバジル,ヤマカツライデン,1
トーセンバジル,トウシンモンステラ,1
トーセンバジル,サトノクロニクル,1
トーセンバジル,ガンコ,1
トーセンバジル,カレンミロティック,1
トーセンバジル,トミケンスラーヴァ,1
